Lagerhaltungsnummer,Produktname,Hersteller-Barcode,Barcode-Typ,Produkttyp,Marke,Hersteller,Artikelnummer,Produktbeschreibung,Update / LÃ¶schen,Anzahl,Preis,WÃ¤hrung,Zustandstyp des Angebots,Angebotsbedingung Anmerkung,Produkt-Site Startdatum,Vorlaufzeit fÃ¼r die Lieferung,VerÃ¶ffentlichungsdatum,Termin zur WiederauffÃ¼llung,Angebotspreis,Startdatum des Sonderangebots,Enddatum des Sonderangebots,Max. Menge Aggregatversand,Maximale Bestellmenge,Angebot kann als Geschenk versendet werden,Angebot kann als Geschenk eingepackt werden,Fehlender Hauptgrund,Wird vom Hersteller nicht mehr hergestellt,Packungseinheit,Steuerkennziffer des Produkts,SKU-Liste fÃ¼r Lieferung zum Wunschtermin,VerkÃ¤uferversandgruppe,Versandgewicht,MaÃŸeinheit des auf der Webseite angegebenen Versandgewichts,Artikelgewicht,MaÃŸeinheit des Artikelgewichts,ArtikellÃ¤nge,MaÃŸeinheit der ArtikellÃ¤nge,Artikelbreite,MaÃŸeinheit der Artikelweite,ArtikelhÃ¶he,MaÃŸeinheit der ArtikelhÃ¶he,Artikeltiefe,MaÃŸeinheit der Tiefe des Artikels,Artikeldurchmesser,MaÃŸeinheit des Durchmessers des Artikels,Attribut1,Attribut2,Attribut3,Attribut4,Attribut5,Produktkategorisierung Suchpfad1,Produktkategorisierung Suchpfad2,Allgemeine SchlÃ¼sselwÃ¶rter1,Allgemeine SchlÃ¼sselwÃ¶rter2,Allgemeine SchlÃ¼sselwÃ¶rter3,Allgemeine SchlÃ¼sselwÃ¶rter4,Allgemeine SchlÃ¼sselwÃ¶rter5,Katalognummer,Platinum SchlÃ¼sselwÃ¶rter1,Platinum SchlÃ¼sselwÃ¶rter2,Platinum SchlÃ¼sselwÃ¶rter3,Platinum SchlÃ¼sselwÃ¶rter4,Platinum SchlÃ¼sselwÃ¶rter5,Zielgruppe,URL Hauptbild,URL Musterbild,URL Weiteres Produktbild1,URL Weiteres Produktbild2,URL Weiteres Produktbild3,URL Weiteres Produktbild4,URL Weiteres Produktbild5,URL Weiteres Produktbild6,URL Weiteres Produktbild7,URL Weiteres Produktbild8,Versandzentrum-ID,Paketbreite,PakethÃ¶he,MaÃŸeinheit der VerpackungslÃ¤nge,Paketgewicht,MaÃŸeinheit des Verpackungsgewichts,Produktbeziehungs-Typ,Variantenbestandteil,SKU des Ã¼bergeordneten Produkts,Varianten-Design,,,,,,,,,,,,,,,,,,,,,,,,,,,,Farbe (Herstellerbezeichnung),Standardfarbe,Produktspezifische GrÃ¶ÃŸe,Gewindeanzahl,Material,,,,,,,,,,,,,,,,,,,,,,,,,,,,,,,,,,,,,,,,,,,,,,,,,,,
item_sku,item_name,external_product_id,external_product_id_type,feed_product_type,brand_name,manufacturer,part_number,product_description,update_delete,quantity,standard_price,currency,condition_type,condition_note,product_site_launch_date,fulfillment_latency,merchant_release_date,restock_date,sale_price,sale_from_date,sale_end_date,max_aggregate_ship_quantity,max_order_quantity,offering_can_be_gift_messaged,offering_can_be_giftwrapped,missing_keyset_reason,is_discontinued_by_manufacturer,item_package_quantity,product_tax_code,delivery_schedule_group_id,merchant_shipping_group_name,website_shipping_weight,website_shipping_weight_unit_of_measure,item_weight,item_weight_unit_of_measure,item_length,item_length_unit_of_measure,item_width,item_width_unit_of_measure,item_height,item_height_unit_of_measure,item_display_depth,item_display_depth_unit_of_measure,item_display_diameter,item_display_diameter_unit_of_measure,bullet_point1,bullet_point2,bullet_point3,bullet_point4,bullet_point5,recommended_browse_nodes1,recommended_browse_nodes2,generic_keywords1,generic_keywords2,generic_keywords3,generic_keywords4,generic_keywords5,catalog_number,platinum_keywords1,platinum_keywords2,platinum_keywords3,platinum_keywords4,platinum_keywords5,target_audience_keywords,main_image_url,swatch_image_url,other_image_url1,other_image_url2,other_image_url3,other_image_url4,other_image_url5,other_image_url6,other_image_url7,other_image_url8,fulfillment_center_id,package_length,package_width,package_height,package_length_unit_of_measure,package_weight,package_weight_unit_of_measure,relationship_type,parent_child,parent_sku,variation_theme,eu_toys_safety_directive_age_warning,eu_toys_safety_directive_warning1,eu_toys_safety_directive_warning2,eu_toys_safety_directive_warning3,eu_toys_safety_directive_warning4,eu_toys_safety_directive_warning5,eu_toys_safety_directive_warning6,eu_toys_safety_directive_warning7,eu_toys_safety_directive_warning8,eu_toys_safety_directive_language1,eu_toys_safety_directive_language2,eu_toys_safety_directive_language3,eu_toys_safety_directive_language4,eu_toys_safety_directive_language5,eu_toys_safety_directive_language6,eu_toys_safety_directive_language7,eu_toys_safety_directive_language8,legal_disclaimer_description,fedas_id,country_string,energy_efficiency_image_url,product_efficiency_image_url,number_of_pieces,warranty_description,scent_name,is_stain_resistant,color_name,size_name,thread_count,material_type,number_of_sets,wattage,unit_count,unit_count_type,thermal_performance_description,special_features,seasons1,seasons2,seasons3,seasons4,outer_material_type1,outer_material_type2,outer_material_type3,outer_material_type4,outer_material_type5,occupancy,mfg_minimum,material_composition,item_type_name,item_thickness_derived,item_thickness_unit_of_measure,item_shape,inner_material_type,capacity,capacity_unit_of_measure,are_batteries_included,batteries_required,battery_type1,battery_type2,battery_type3,number_of_batteries1,number_of_batteries2,number_of_batteries3,efficiency,theme,style_name,specific_uses_for_product,seating_capacity,pattern_name,paper_size,paint_type,occasion_type,number_of_doors,line_weight,item_styling,item_hardness,adjustment_type,installation_type,included_components,frame_type,form_factor,error
1000DEEPFITBEI-D,Homescapes Luxus Baumwoll-Satin Spannbettlaken latte hellbraun 140 x 190 cm extra hoch bis zu 40 cm Spannbetttuch 100% Ã¤gyptische Baumwolle Fadendichte 1000,5.0804E+11,ean,bedandbath,Homescapes,Homescapes,,"<b>Es geht doch nichts Ã¼ber einen erholsamen Schlaf...</b> <br> <br>...und am besten in hochwertiger BettwÃ¤sche von Homescapes. So wird Schlaf zum ultimativen WohlfÃ¼hl-Erlebnis! <br> <br>Unsere wunderschÃ¶nen extra hohen Spannbettlaken sind erhÃ¤ltlich in einer Fadendichte von 200 (unsere Klassiker) oder 1000 (aus exklusivem Baumwoll-Satin). Die extra hohen Spannbettlaken sind geeignet fÃ¼r Matrazen mit einer maximalen HÃ¶he von 40cm.<br> <br> <b>Was bedeutet Fadendichte?</b> <br> <br>Die Fadendichte gibt die Anzahl der FÃ¤den auf einer bestimmten FlÃ¤che an. Das heiÃŸt, je hÃ¶her die Fadendichte, desto hÃ¶her die Festigkeit des Stoffes und desto edler der Glanz. <br> <br>Die Spannbettlaken von Homescapes bestehen aus <b>100% sorgfÃ¤ltig gewebtem Ã¤gyptischen Baumwollgarn</b>, das in einer unserer modernen Stofffabriken verarbeitet wird. Durch die hÃ¶chstmÃ¶gliche Stoffdichte von 1000 FÃ¤den pro cmÂ² sind sie noch dazu <b>optimal fÃ¼r Allergiker</b> und Menschen den es auf <b>qualitativ hochwertigen Schlaf</b> besonders ankommt optimal geeignet. <br> <br>HomescapesÂ‘ Spannbettlaken sind in folgenden GrÃ¶ÃŸen erhÃ¤ltlich: <br> <br>- 90 x 190 cm <br>- 140 x 200 cm <br>- 150 x 200 cm <br>- 180 x 200 cm <br> <br>Jede dieser GrÃ¶ÃŸen ist in vier Farben erhÃ¤ltlich: <br><br> - creme / vanille<br> - dunkelgrau<br> - latte hellbraun<br> - weiÃŸ <br> <br> <b>Bitte beachten Sie, dass alle MaÃŸe ca-Angaben sind und, dass bildschirmbedingte Farbabweichungen zum Foto nicht ausgeschlossen werden kÃ¶nnen</b>. <br> <br>Holen Sie sich Premium QualitÃ¤t noch heute in Ihr Schlafzimmer! Passende <b>KopfkissenbezÃ¼ge mit 40 x 40 cm / 40 x 80 cm / 50 x 75 cm / 80 x 80 cm</b>, sowie einzelne <b>BettdeckenbezÃ¼ge mit 135 x 200 cm / 200 x 200 cm / 220 x 230 cm / 220 x 260 cm</b> finden Sie neben vielen weiteren attraktiven Angeboten in unserem VerkÃ¤ufer-Shop. Schauen Sie doch einfach einmal vorbei, es lohnt sich garantiert!",update,0,114.99,eur,neu,,,,,,,,,,,,,,,,,,,,,,,,,,,,,,,,,Spannbettlaken fÃ¼r Matratzen mit einer HÃ¶he von bis zu 40 cm,Farbe: latte braun (bildschirmbedingte Farbabweichungen nicht ausgeschlossen),Material: 100% Ã¤gyptische Baumwolle. Keine billige Jersey-QualitÃ¤t!,Spendet angenehme KÃ¼hle im Sommer und wohlige WÃ¤rme im Winter,"Passende BettwÃ¤sche Sets, Bettlaken und KissenbezÃ¼ge von Homescapes verfÃ¼gbar (siehe Produktbeschreibung)",3968978031,,"Spannbetttuch,Spannbettlaken,BettwÃ¤sche,Bettlaken","BettwÃ¤sche Satin,BettwÃ¤sche gÃ¼nstig, gÃ¼nstige","Spannbettlaken,Mako Satin,Spannbettlaken 150x200","SatinbettwÃ¤sche,Spannbettlaken 160x200","Spannbettlaken 140x200,Bettgarnitur, 180x200,Bett",,,,,,,,CURTAINS/String-Sparkle-Curtains/Polyester-Black-Sparkle-String-Curtain.jpg,,,,,,,,,,,,,,,,,,,,,,,,,,,,,,,,,,,,,,,,,,,,,,,latte hellbraun,137x191cm,1000,,,,,,,,,,,,,,,,,,,,,,,,,,,,,,,,,,,,,,,,,,,,,,,,,,,,,"Listing Could not be processed due to error on line 13 :--- Bullet point1 is required. .
Listing Could not be processed due to error on line 14 :--- Bullet point1 is required. .
Listing Could not be processed due to error on line 15 :--- Bullet point1 is required. .
Listing Could not be processed due to error on line 90 :--- Bullet point1 is required. .
Listing Could not be processed due to error on line 91 :--- Bullet point1 is required. .
Listing Could not be processed due to error on line 92 :--- Bullet point1 is required. .
Listing Could not be processed due to error on line 235 :--- Product description is required. .
Listing Could not be processed due to error on line 236 :--- Product description is required. .
Listing Could not be processed due to error on line 237 :--- Product description is required. .
Listing Could not be processed due to error on line 320 :--- Brand Name is required. .
Listing Could not be processed due to error on line 500 :--- Brand Name is required. .
Listing Could not be processed due to error on line 501 :--- Brand Name is required. .
Listing Could not be processed due to error on line 540 :--- Product description is required. .
Listing Could not be processed due to error on line 541 :--- Product description is required. .
Listing Could not be processed due to error on line 542 :--- Product description is required. .
Listing Could not be processed due to error on line 612 :--- Brand Name is required. .
Listing Could not be processed due to error on line 642 :--- Product description is required. .
Listing Could not be processed due to error on line 659 :--- Bullet point1 is required. .
Listing Could not be processed due to error on line 694 :--- Manufacture Name is required. .
Listing Could not be processed due to error on line 762 :--- Brand Name is required. .
Listing Could not be processed due to error on line 841 :--- Brand Name is required. .
Listing Could not be processed due to error on line 905 :--- Brand Name is required. .
Listing Could not be processed due to error on line 918 :--- Manufacture Name is required. .
Listing Could not be processed due to error on line 928 :--- Brand Name is required. .
Listing Could not be processed due to error on line 937 :--- Manufacture Name is required. .
Listing Could not be processed due to error on line 951 :--- Bullet point1 is required. .
Listing Could not be processed due to error on line 952 :--- Bullet point1 is required. .
Listing Could not be processed due to error on line 953 :--- Bullet point1 is required. .
Listing Could not be processed due to error on line 1171 :--- Bullet point5 is required. .
Listing Could not be processed due to error on line 1172 :--- Bullet point5 is required. .
Listing Could not be processed due to error on line 1173 :--- Bullet point5 is required. .
Listing Could not be processed due to error on line 1174 :--- Bullet point5 is required. .
Listing Could not be processed due to error on line 1175 :--- Bullet point5 is required. .
Listing Could not be processed due to error on line 1396 :--- Bullet point2 is required. .
Listing Could not be processed due to error on line 1399 :--- Bullet point2 is required. .
Listing Could not be processed due to error on line 1408 :--- Bullet point2 is required. .
Listing Could not be processed due to error on line 1411 :--- Bullet point2 is required. .
Listing Could not be processed due to error on line 1414 :--- Bullet point2 is required. .
Listing Could not be processed due to error on line 1651 :--- Product description is required. .
Listing Could not be processed due to error on line 1652 :--- Product description is required. .
Listing Could not be processed due to error on line 1653 :--- Product description is required. .
Listing Could not be processed due to error on line 1654 :--- Product description is required. .
Listing Could not be processed due to error on line 1655 :--- Product description is required. .
Listing Could not be processed due to error on line 1656 :--- Product description is required. .
Listing Could not be processed due to error on line 1657 :--- Product description is required. .
Listing Could not be processed due to error on line 1658 :--- Product description is required. .
Listing Could not be processed due to error on line 1659 :--- Product description is required. .
Listing Could not be processed due to error on line 1660 :--- Product description is required. .
Listing Could not be processed due to error on line 1661 :--- Product description is required. .
Listing Could not be processed due to error on line 1662 :--- Product description is required. .
Listing Could not be processed due to error on line 1663 :--- Product description is required. .
Listing Could not be processed due to error on line 1664 :--- Product description is required. .
Listing Could not be processed due to error on line 1665 :--- Product description is required. .
Listing Could not be processed due to error on line 1666 :--- Product description is required. .
Listing Could not be processed due to error on line 1667 :--- Product description is required. .
Listing Could not be processed due to error on line 1836 :--- Quantity is required. .
Listing Could not be processed due to error on line 1857 :--- Bullet point5 is required. .
Listing Could not be processed due to error on line 1875 :--- Bullet point5 is required. .
Listing Could not be processed due to error on line 1876 :--- Bullet point5 is required. .
Listing Could not be processed due to error on line 1877 :--- Bullet point5 is required. .
Listing Could not be processed due to error on line 1878 :--- Brand Name is required. .
Listing Could not be processed due to error on line 1997 :--- Bullet point1 is required. .
Listing Could not be processed due to error on line 1998 :--- Bullet point1 is required. .
Listing Could not be processed due to error on line 2003 :--- Bullet point1 is required. .
Listing Could not be processed due to error on line 2014 :--- Bullet point1 is required. .
Listing Could not be processed due to error on line 2019 :--- Bullet point1 is required. .
Listing Could not be processed due to error on line 2024 :--- Brand Name is required. .
Listing Could not be processed due to error on line 2029 :--- Bullet point1 is required. .
Listing Could not be processed due to error on line 2034 :--- Bullet point1 is required. .
Listing Could not be processed due to error on line 2041 :--- Bullet point1 is required. .
Listing Could not be processed due to error on line 2048 :--- Bullet point1 is required. .
Listing Could not be processed due to error on line 2055 :--- Bullet point1 is required. .
Listing Could not be processed due to error on line 2084 :--- Product description is required. .
Listing Could not be processed due to error on line 2095 :--- Product description is required. .
Listing Could not be processed due to error on line 2108 :--- Bullet point5 is required. .
Listing Could not be processed due to error on line 2110 :--- Bullet point5 is required. .
Listing Could not be processed due to error on line 2112 :--- Bullet point5 is required. .
Listing Could not be processed due to error on line 2114 :--- Bullet point5 is required. .
Listing Could not be processed due to error on line 2116 :--- Bullet point5 is required. .
Listing Could not be processed due to error on line 2118 :--- Bullet point5 is required. .
Listing Could not be processed due to error on line 2120 :--- Bullet point5 is required. .
Listing Could not be processed due to error on line 2122 :--- Bullet point5 is required. .
Listing Could not be processed due to error on line 2124 :--- Bullet point5 is required. .
Listing Could not be processed due to error on line 2126 :--- Bullet point5 is required. .
Listing Could not be processed due to error on line 2128 :--- Bullet point5 is required. .
Listing Could not be processed due to error on line 2130 :--- Bullet point5 is required. .
Listing Could not be processed due to error on line 2132 :--- Bullet point5 is required. .
Listing Could not be processed due to error on line 2134 :--- Bullet point5 is required. .
Listing Could not be processed due to error on line 2136 :--- Bullet point5 is required. .
Listing Could not be processed due to error on line 2138 :--- Bullet point5 is required. .
Listing Could not be processed due to error on line 2140 :--- Bullet point5 is required. .
Listing Could not be processed due to error on line 2142 :--- Bullet point5 is required. .
Listing Could not be processed due to error on line 2144 :--- Bullet point5 is required. .
Listing Could not be processed due to error on line 2146 :--- Bullet point5 is required. .
Listing Could not be processed due to error on line 2148 :--- Bullet point5 is required. .
Listing Could not be processed due to error on line 2150 :--- Bullet point5 is required. .
Listing Could not be processed due to error on line 2152 :--- Bullet point5 is required. .
Listing Could not be processed due to error on line 2154 :--- Bullet point5 is required. .
Listing Could not be processed due to error on line 2164 :--- Bullet point5 is required. .
Listing Could not be processed due to error on line 2166 :--- Bullet point5 is required. .
Listing Could not be processed due to error on line 2168 :--- Bullet point5 is required. .
Listing Could not be processed due to error on line 2170 :--- Bullet point5 is required. .
Listing Could not be processed due to error on line 2172 :--- Bullet point5 is required. .
Listing Could not be processed due to error on line 2174 :--- Bullet point5 is required. .
Listing Could not be processed due to error on line 2176 :--- Bullet point5 is required. .
Listing Could not be processed due to error on line 2320 :--- Bullet point1 is required. .
Listing Could not be processed due to error on line 2381 :--- Bullet point5 is required. .
Listing Could not be processed due to error on line 2385 :--- Bullet point5 is required. .
Listing Could not be processed due to error on line 2389 :--- Bullet point5 is required. .
Listing Could not be processed due to error on line 2408 :--- Bullet point5 is required. .
Listing Could not be processed due to error on line 2412 :--- Bullet point5 is required. .
Listing Could not be processed due to error on line 2416 :--- Bullet point5 is required. .
Listing Could not be processed due to error on line 2433 :--- Bullet point5 is required. .
Listing Could not be processed due to error on line 2437 :--- Bullet point5 is required. .
Listing Could not be processed due to error on line 2471 :--- Bullet point5 is required. .
Listing Could not be processed due to error on line 2475 :--- Bullet point5 is required. .
Listing Could not be processed due to error on line 2479 :--- Bullet point5 is required. .
Listing Could not be processed due to error on line 2483 :--- Bullet point5 is required. .
Listing Could not be processed due to error on line 2487 :--- Bullet point5 is required. .
Listing Could not be processed due to error on line 2491 :--- Bullet point5 is required. .
Listing Could not be processed due to error on line 2495 :--- Bullet point5 is required. .
Listing Could not be processed due to error on line 2499 :--- Bullet point5 is required. .
Listing Could not be processed due to error on line 2501 :--- Bullet point5 is required. .
Listing Could not be processed due to error on line 2503 :--- Bullet point5 is required. .
Listing Could not be processed due to error on line 2505 :--- Bullet point5 is required. .
Listing Could not be processed due to error on line 2506 :--- Bullet point5 is required. .
Listing Could not be processed due to error on line 2508 :--- Bullet point5 is required. .
Listing Could not be processed due to error on line 2510 :--- Bullet point5 is required. .
Listing Could not be processed due to error on line 2511 :--- Bullet point5 is required. .
Listing Could not be processed due to error on line 2513 :--- Bullet point5 is required. .
Listing Could not be processed due to error on line 2515 :--- Bullet point5 is required. .
Listing Could not be processed due to error on line 2517 :--- Bullet point5 is required. .
Listing Could not be processed due to error on line 2519 :--- Bullet point5 is required. .
Listing Could not be processed due to error on line 2521 :--- Bullet point5 is required. .
Listing Could not be processed due to error on line 2525 :--- Bullet point5 is required. .
Listing Could not be processed due to error on line 2527 :--- Bullet point5 is required. .
Listing Could not be processed due to error on line 2529 :--- Bullet point5 is required. .
Listing Could not be processed due to error on line 2531 :--- Bullet point5 is required. .
Listing Could not be processed due to error on line 2533 :--- Bullet point5 is required. .
Listing Could not be processed due to error on line 2535 :--- Bullet point5 is required. .
Listing Could not be processed due to error on line 2537 :--- Bullet point5 is required. .
Listing Could not be processed due to error on line 2539 :--- Bullet point5 is required. .
Listing Could not be processed due to error on line 2541 :--- Bullet point5 is required. .
Listing Could not be processed due to error on line 2543 :--- Bullet point5 is required. .
Listing Could not be processed due to error on line 2545 :--- Bullet point5 is required. .
Listing Could not be processed due to error on line 2547 :--- Bullet point5 is required. .
Listing Could not be processed due to error on line 2549 :--- Bullet point5 is required. .
Listing Could not be processed due to error on line 2551 :--- Bullet point5 is required. .
Listing Could not be processed due to error on line 2567 :--- Bullet point5 is required. .
Listing Could not be processed due to error on line 2569 :--- Bullet point5 is required. .
Listing Could not be processed due to error on line 2571 :--- Bullet point5 is required. .
Listing Could not be processed due to error on line 2573 :--- Bullet point5 is required. .
Listing Could not be processed due to error on line 2575 :--- Bullet point5 is required. .
Listing Could not be processed due to error on line 2577 :--- Bullet point5 is required. .
Listing Could not be processed due to error on line 2579 :--- Bullet point5 is required. .
Listing Could not be processed due to error on line 2581 :--- Bullet point5 is required. .
Listing Could not be processed due to error on line 2583 :--- Bullet point5 is required. .
Listing Could not be processed due to error on line 2585 :--- Bullet point5 is required. .
Listing Could not be processed due to error on line 2587 :--- Bullet point5 is required. .
Listing Could not be processed due to error on line 2589 :--- Bullet point5 is required. .
Listing Could not be processed due to error on line 2591 :--- Bullet point5 is required. .
Listing Could not be processed due to error on line 2593 :--- Bullet point5 is required. .
Listing Could not be processed due to error on line 2595 :--- Bullet point5 is required. .
Listing Could not be processed due to error on line 2597 :--- Bullet point5 is required. .
Listing Could not be processed due to error on line 2599 :--- Bullet point5 is required. .
Listing Could not be processed due to error on line 2601 :--- Bullet point5 is required. .
Listing Could not be processed due to error on line 2603 :--- Bullet point5 is required. .
Listing Could not be processed due to error on line 2605 :--- Bullet point5 is required. .
Listing Could not be processed due to error on line 2607 :--- Bullet point5 is required. .
Listing Could not be processed due to error on line 2609 :--- Bullet point5 is required. .
Listing Could not be processed due to error on line 2613 :--- Bullet point5 is required. .
Listing Could not be processed due to error on line 2623 :--- Bullet point5 is required. .
Listing Could not be processed due to error on line 2625 :--- Bullet point5 is required. .
Listing Could not be processed due to error on line 2627 :--- Bullet point5 is required. .
Listing Could not be processed due to error on line 2629 :--- Bullet point5 is required. .
Listing Could not be processed due to error on line 2635 :--- Bullet point5 is required. .
Listing Could not be processed due to error on line 2639 :--- Bullet point5 is required. .
Listing Could not be processed due to error on line 2643 :--- Bullet point5 is required. .
Listing Could not be processed due to error on line 2647 :--- Bullet point5 is required. .
Listing Could not be processed due to error on line 2651 :--- Bullet point5 is required. .
Listing Could not be processed due to error on line 2655 :--- Bullet point5 is required. .
Listing Could not be processed due to error on line 2659 :--- Bullet point5 is required. .
Listing Could not be processed due to error on line 2667 :--- Bullet point5 is required. .
Listing Could not be processed due to error on line 2671 :--- Bullet point5 is required. .
Listing Could not be processed due to error on line 2675 :--- Bullet point5 is required. .
Listing Could not be processed due to error on line 2679 :--- Bullet point5 is required. .
Listing Could not be processed due to error on line 2683 :--- Bullet point5 is required. .
Listing Could not be processed due to error on line 2687 :--- Bullet point5 is required. .
Listing Could not be processed due to error on line 2691 :--- Bullet point5 is required. .
Listing Could not be processed due to error on line 2698 :--- Bullet point5 is required. .
Listing Could not be processed due to error on line 2702 :--- Bullet point5 is required. .
Listing Could not be processed due to error on line 2706 :--- Bullet point5 is required. .
Listing Could not be processed due to error on line 2710 :--- Bullet point5 is required. .
Listing Could not be processed due to error on line 2714 :--- Bullet point5 is required. .
Listing Could not be processed due to error on line 2718 :--- Bullet point5 is required. .
Listing Could not be processed due to error on line 2842 :--- Bullet point1 is required. .
Listing Could not be processed due to error on line 2843 :--- Bullet point1 is required. .
Listing Could not be processed due to error on line 2844 :--- Bullet point1 is required. .
Listing Could not be processed due to error on line 2845 :--- Bullet point1 is required. .
Listing Could not be processed due to error on line 2846 :--- Bullet point1 is required. .
Listing Could not be processed due to error on line 2847 :--- Bullet point1 is required. .
Listing Could not be processed due to error on line 2854 :--- Bullet point1 is required. .
Listing Could not be processed due to error on line 2861 :--- Bullet point1 is required. .
Listing Could not be processed due to error on line 2868 :--- Bullet point1 is required. .
Listing Could not be processed due to error on line 2875 :--- Bullet point1 is required. .
Listing Could not be processed due to error on line 2882 :--- Bullet point1 is required. .
Listing Could not be processed due to error on line 2891 :--- Bullet point1 is required. .
Listing Could not be processed due to error on line 2898 :--- Bullet point1 is required. .
Listing Could not be processed due to error on line 2905 :--- Bullet point1 is required. .
Listing Could not be processed due to error on line 2976 :--- Bullet point2 is required. .
Listing Could not be processed due to error on line 2977 :--- Bullet point5 is required. .
Listing Could not be processed due to error on line 2983 :--- Bullet point5 is required. .
Listing Could not be processed due to error on line 2984 :--- Bullet point5 is required. ."
1000DEEPFITBEI-K,Homescapes Luxus Baumwoll-Satin Spannbettlaken latte hellbraun 150 x 200 cm extra hoch bis zu 40 cm Spannbetttuch 100% ägyptische Baumwolle Fadendichte 1000,5.0804E+11,ean,bedandbath,Homescapes,Homescapes,,"<b>Es geht doch nichts über einen erholsamen Schlaf...</b> <br> <br>...und am besten in hochwertiger Bettwäsche von Homescapes. So wird Schlaf zum ultimativen Wohlfühl-Erlebnis! <br> <br>Unsere wunderschönen extra hohen Spannbettlaken sind erhältlich in einer Fadendichte von 200 (unsere Klassiker) oder 1000 (aus exklusivem Baumwoll-Satin). Die extra hohen Spannbettlaken sind geeignet für Matrazen mit einer maximalen Höhe von 40cm.<br> <br> <b>Was bedeutet Fadendichte?</b> <br> <br>Die Fadendichte gibt die Anzahl der Fäden auf einer bestimmten Fläche an. Das heißt, je höher die Fadendichte, desto höher die Festigkeit des Stoffes und desto edler der Glanz. <br> <br>Die Spannbettlaken von Homescapes bestehen aus <b>100% sorgfältig gewebtem ägyptischen Baumwollgarn</b>, das in einer unserer modernen Stofffabriken verarbeitet wird. Durch die höchstmögliche Stoffdichte von 1000 Fäden pro cm² sind sie noch dazu <b>optimal für Allergiker</b> und Menschen den es auf <b>qualitativ hochwertigen Schlaf</b> besonders ankommt optimal geeignet. <br> <br>Homescapes‘ Spannbettlaken sind in folgenden Größen erhältlich: <br> <br>- 90 x 190 cm <br>- 140 x 200 cm <br>- 150 x 200 cm <br>- 180 x 200 cm <br> <br>Jede dieser Größen ist in vier Farben erhältlich: <br><br> - creme / vanille<br> - dunkelgrau<br> - latte hellbraun<br> - weiß <br> <br> <b>Bitte beachten Sie, dass alle Maße ca-Angaben sind und, dass bildschirmbedingte Farbabweichungen zum Foto nicht ausgeschlossen werden können</b>. <br> <br>Holen Sie sich Premium Qualität noch heute in Ihr Schlafzimmer! Passende <b>Kopfkissenbezüge mit 40 x 40 cm / 40 x 80 cm / 50 x 75 cm / 80 x 80 cm</b>, sowie einzelne <b>Bettdeckenbezüge mit 135 x 200 cm / 200 x 200 cm / 220 x 230 cm / 220 x 260 cm</b> finden Sie neben vielen weiteren attraktiven Angeboten in unserem Verkäufer-Shop. Schauen Sie doch einfach einmal vorbei, es lohnt sich garantiert!",update,0,129.99,eur,neu,,,,,,,,,,,,,,,,,,,,,,,,,,,,,,,,,Spannbettlaken für Matratzen mit einer Höhe von bis zu 40 cm,Farbe: latte braun (bildschirmbedingte Farbabweichungen nicht ausgeschlossen),Material: 100% ägyptische Baumwolle. Keine billige Jersey-Qualität!,Spendet angenehme Kühle im Sommer und wohlige Wärme im Winter,"Passende Bettwäsche Sets, Bettlaken und Kissenbezüge von Homescapes verfügbar (siehe Produktbeschreibung)",3968978031,,"Spannbetttuch,Spannbettlaken,Bettwäsche,Bettlaken","Bettwäsche Satin,Bettwäsche günstig, günstige","Spannbettlaken,Mako Satin,Spannbettlaken 150x200","Satinbettwäsche,Spannbettlaken 160x200","Spannbettlaken 140x200,Bettgarnitur, 180x200,Bett",,,,,,,,CURTAINS/Tartan/Macduff-Tartan-Check-Ready-Made-Eyelet-Curtain-Pair-Closeup.jpg,,,,,,,,,,,,,,,,,,,,,,,,,,,,,,,,,,,,,,,,,,,,,,,latte hellbraun,152x198cm,1000,Ägyptische_Baumwolle,,,,,,,,,,,,,,,,,,,,,,,,,,,,,,,,,,,,,,,,,,,,,,,,,,,,
1000DEEPFITDGRY-D,Homescapes Luxus Baumwoll-Satin Spannbettlaken dunkelgrau anthrazit 140 x 190 cm extra hoch bis zu 40 cm Spannbetttuch 100% ägyptische Baumwolle Fadendichte 1000,5.0804E+11,ean,bedandbath,Homescapes,Homescapes,,"<b>Es geht doch nichts über einen erholsamen Schlaf...</b> <br /> <br />...und am besten in hochwertiger Bettwäsche von Homescapes. So wird Schlaf zum ultimativen Wohlfühl-Erlebnis! <br /> <br />Unsere wunderschönen extra hohen Spannbettlaken sind erhältlich in einer Fadendichte von 200 (unsere Klassiker) oder 1000 (aus exklusivem Baumwoll-Satin). Die extra hohen Spannbettlaken sind geeignet für Matrazen mit einer maximalen Höhe von 40cm. <br /> <br /> <b>Was bedeutet Fadendichte?</b> <br /> <br />Die Fadendichte gibt die Anzahl der Fäden auf einer bestimmten Fläche an. Das heißt, je höher die Fadendichte, desto höher die Festigkeit des Stoffes und desto edler der Glanz. <br /> <br />Die Spannbettlaken von Homescapes bestehen aus <b>100% sorgfältig gewebtem ägyptischen Baumwollgarn</b>, das in einer unserer modernen Stofffabriken verarbeitet wird. Durch die höchstmögliche Stoffdichte von 1000 Fäden pro cm² sind sie noch dazu <b>optimal für Allergiker</b> und Menschen den es auf <b>qualitativ hochwertigen Schlaf</b> besonders ankommt optimal geeignet. <br /> <br />Homescapes‘ Spannbettlaken sind in folgenden Größen erhältlich: <br /> <br />- 90 x 190 cm <br />- 140 x 200 cm <br />- 150 x 200 cm <br />- 180 x 200 cm <br /> <br />Jede dieser Größen ist in vier Farben erhältlich: <br /> <br /> - creme / vanille <br /> - dunkelgrau <br /> - latte hellbraun <br /> - weiß <br /> <br /> <b>Bitte beachten Sie, dass alle Maße ca-Angaben sind und, dass bildschirmbedingte Farbabweichungen zum Foto nicht ausgeschlossen werden können</b>",update,0,114.99,eur,neu,,,,,,,,,,,,,,,,,,,,,,,,,,,,,,,,,Spannbettlaken für Matratzen mit einer Höhe von bis zu 40 cm,Farbe: dunkelgrau/anthrazit (bildschirmbedingte Farbabweichungen nicht ausgeschlossen),Material: 100% ägyptische Baumwolle. Keine billige Jersey-Qualität!,Spendet angenehme Kühle im Sommer und wohlige Wärme im Winter,"Passende Bettwäsche Sets, Bettlaken und Kissenbezüge von Homescapes verfügbar (siehe Produktbeschreibung)",3968978031,,"Spannbetttuch,Spannbettlaken,Bettwäsche,Bettlaken","Bettwäsche Satin,Bettwäsche günstig, günstige","Spannbettlaken,Mako Satin,Spannbettlaken 150x200","Satinbettwäsche,Spannbettlaken 160x200","Spannbettlaken 140x200,Bettgarnitur, 180x200,Bett",,,,,,,,CURTAINS/Tartan/Macduff-Tartan-Check-Ready-Made-Eyelet-Curtain-Pair-Closeup.jpg,,,,,,,,,,,,,,,,,,,,,,,,,,,,,,,,,,,,,,,,,,,,,,,dunkelgrau,137x191cm,1000,100%-cotton,,,,,,,,,,,,,,,,,,,,,,,,,,,,,,,,,,,,,,,,,,,,,,,,,,,,
1000DEEPFITDGRY-SK,Homescapes Luxus Baumwoll-Satin Spannbettlaken dunkelgrau 180 x 200 cm extra hoch bis zu 40 cm Spannbetttuch 100% ägyptische Baumwolle Fadendichte 1000,5.0804E+11,ean,bedandbath,Homescapes,Homescapes,,"<b>Es geht doch nichts über einen erholsamen Schlaf...</b> <br> <br>...und am besten in hochwertiger Bettwäsche von Homescapes. So wird Schlaf zum ultimativen Wohlfühl-Erlebnis! <br> <br>Unsere wunderschönen extra hohen Spannbettlaken sind erhältlich in einer Fadendichte von 200 (unsere Klassiker) oder 1000 (aus exklusivem Baumwoll-Satin). Die extra hohen Spannbettlaken sind geeignet für Matrazen mit einer maximalen Höhe von 40cm.<br> <br> <b>Was bedeutet Fadendichte?</b> <br> <br>Die Fadendichte gibt die Anzahl der Fäden auf einer bestimmten Fläche an. Das heißt, je höher die Fadendichte, desto höher die Festigkeit des Stoffes und desto edler der Glanz. <br> <br>Die Spannbettlaken von Homescapes bestehen aus <b>100% sorgfältig gewebtem ägyptischen Baumwollgarn</b>, das in einer unserer modernen Stofffabriken verarbeitet wird. Durch die höchstmögliche Stoffdichte von 1000 Fäden pro cm² sind sie noch dazu <b>optimal für Allergiker</b> und Menschen den es auf <b>qualitativ hochwertigen Schlaf</b> besonders ankommt optimal geeignet. <br> <br>Homescapes‘ Spannbettlaken sind in folgenden Größen erhältlich: <br> <br>- 90 x 190 cm <br>- 140 x 200 cm <br>- 150 x 200 cm <br>- 180 x 200 cm <br> <br>Jede dieser Größen ist in vier Farben erhältlich: <br><br> - creme / vanille<br> - dunkelgrau<br> - latte hellbraun<br> - weiß <br> <br> <b>Bitte beachten Sie, dass alle Maße ca-Angaben sind und, dass bildschirmbedingte Farbabweichungen zum Foto nicht ausgeschlossen werden können</b>. <br> <br>Holen Sie sich Premium Qualität noch heute in Ihr Schlafzimmer! Passende <b>Kopfkissenbezüge mit 40 x 40 cm / 40 x 80 cm / 50 x 75 cm / 80 x 80 cm</b>, sowie einzelne <b>Bettdeckenbezüge mit 135 x 200 cm / 200 x 200 cm / 220 x 230 cm / 220 x 260 cm</b> finden Sie neben vielen weiteren attraktiven Angeboten in unserem Verkäufer-Shop. Schauen Sie doch einfach einmal vorbei, es lohnt sich garantiert!",update,0,144.99,eur,neu,,,,,,,,,,,,,,,,,,,,,,,,,,,,,,,,,Spannbettlaken für Matratzen mit einer Höhe von bis zu 40 cm,Farbe: dunkelgrau (bildschirmbedingte Farbabweichungen nicht ausgeschlossen),Material: 100% ägyptische Baumwolle. Keine billige Jersey-Qualität!,Spendet angenehme Kühle im Sommer und wohlige Wärme im Winter,"Passende Bettwäsche Sets, Bettlaken und Kissenbezüge von Homescapes verfügbar (siehe Produktbeschreibung)",3968978031,,"Spannbetttuch,Spannbettlaken,Bettwäsche,Bettlaken","Bettwäsche Satin,Bettwäsche günstig, günstige","Spannbettlaken,Mako Satin,Spannbettlaken 150x200","Satinbettwäsche,Spannbettlaken 160x200","Spannbettlaken 140x200,Bettgarnitur, 180x200,Bett",,,,,,,,CURTAINS/Rajput-Curtains/Cotton-Rajput-Ribbed-Yellow-Curtain-Pair-54-x-54.jpg,,,,,,,,,,,,,,,,,,,,,,,,,,,,,,,,,,,,,,,,,,,,,,,dunkelgrau,275x275cm,1000,Ägyptische_Baumwolle,,,,,,,,,,,,,,,,,,,,,,,,,,,,,,,,,,,,,,,,,,,,,,,,,,,,
